S,E,I,C,H,A,R,D,cases
9988,11,0,0,0,1,0,0,0
9984,10,3,0,0,3,0,0,0
9979,13,5,0,0,2,1,0,0
9978,14,1,0,4,2,1,0,0
9974,16,3,4,0,2,1,0,0
9969,18,4,0,0,3,6,0,0
9968,14,5,0,2,5,6,0,0
9965,15,6,2,0,5,7,0,0
9962,16,5,0,3,4,9,1,0
9956,19,4,3,2,6,9,1,0
9952,18,5,2,1,8,12,2,0
9946,21,6,1,0,8,16,2,0
9941,21,7,0,0,12,17,2,0
9941,19,5,0,2,13,18,2,0
9934,22,7,2,0,13,20,2,0
9927,23,8,0,2,10,28,2,0
9920,25,8,2,2,10,31,2,0
9912,27,11,2,1,11,34,2,0
9904,27,11,1,5,9,41,2,0
9896,28,14,5,2,11,42,2,0
9888,28,14,2,5,13,48,2,0
9878,32,11,5,7,14,51,2,0
9873,31,11,7,5,11,59,3,0
9865,30,16,5,1,10,70,3,0
9849,42,15,1,4,11,75,3,0
9837,44,15,4,6,11,80,3,0
9832,41,17,6,4,12,85,3,0
9815,49,19,4,3,13,94,3,0
9798,57,22,3,1,15,100,4,0
9786,52,28,1,4,20,105,4,0
9767,58,24,4,9,22,112,4,0
9746,60,28,9,7,21,125,4,0
9727,62,31,7,5,28,136,4,0
9712,58,38,5,5,32,146,4,0
9679,72,47,5,6,30,157,4,0
9654,80,50,6,7,32,167,4,0
9631,80,50,7,15,32,181,4,0
9605,93,49,15,8,27,199,4,0
9578,99,48,8,16,25,222,4,0
9551,107,52,16,7,26,237,4,0
9531,113,50,7,14,23,258,4,0
9503,114,54,14,11,27,273,4,0
9486,108,46,11,22,30,293,4,0
9456,113,50,22,14,30,311,4,0
9422,116,53,14,13,36,342,4,0
9398,117,55,13,16,34,363,4,0
9359,130,64,16,7,36,384,4,0
9322,136,60,7,19,42,410,4,0
9284,147,62,19,13,43,428,4,0
9244,154,68,13,14,42,460,5,0
9205,153,82,14,9,48,484,5,0
9171,153,88,9,17,51,506,5,0
9130,158,89,17,19,57,525,5,0
9082,169,92,19,21,54,558,5,0
9028,181,91,21,22,60,592,5,0
8983,188,91,22,22,61,628,5,0
8930,198,86,22,29,63,667,5,0
8873,209,98,29,21,59,705,6,0
8816,210,102,21,29,68,748,6,0
8762,206,117,29,18,77,785,6,0
8692,226,122,18,28,80,827,7,0
8637,227,117,28,34,84,865,8,0
8568,235,125,34,28,86,916,8,0
8514,237,127,28,29,88,967,10,0
8445,246,127,29,34,97,1011,11,0
8386,249,125,34,33,94,1068,11,0
8317,271,121,33,29,92,1126,11,0
8248,284,119,29,36,94,1179,11,0
8186,283,123,36,37,92,1231,12,0
8113,280,146,37,30,100,1281,13,0
8043,285,161,30,24,97,1347,13,0
7956,314,166,24,31,97,1397,15,0
7878,324,162,31,40,104,1446,15,0
7801,326,176,40,34,114,1494,15,0
7704,328,201,34,37,126,1555,15,0
7625,325,195,37,54,128,1621,15,0
7550,332,179,54,55,117,1696,17,0
7467,336,184,55,46,112,1781,19,0
7395,332,162,46,58,129,1858,20,0
7333,322,152,58,49,131,1934,21,0
7261,319,155,49,43,132,2020,21,0
7180,330,166,43,31,127,2100,23,0
7099,317,187,31,37,133,2173,23,0
7025,310,180,37,54,132,2239,23,0
6948,318,168,54,53,130,2306,23,0
6864,328,169,53,42,132,2388,24,0
6792,315,173,42,47,139,2467,25,0
6727,314,161,47,47,143,2536,25,0
6658,310,166,47,39,136,2617,27,0
6597,291,177,39,37,140,2691,28,0
6527,283,173,37,46,144,2760,30,0
6451,294,166,46,43,144,2826,30,0
6379,283,178,43,33,139,2915,30,0
6308,278,193,33,31,140,2987,30,0
6234,290,182,31,44,132,3055,32,0
6159,285,178,44,39,144,3119,32,0
6102,267,170,39,54,135,3200,33,0
6031,257,182,54,38,129,3276,33,0
5981,256,153,38,55,126,3358,33,0